<application>
  <component name="com.intellij.ide.ui.customization.CustomActionsSchema">
    <group value="RunnerActions" is_group="true" action_type="-1" position="3">
      <path value="root" />
      <path value="Main Toolbar" />
      <path value="Toolbar Run Actions" />
      <option name="myInitialPosition" value="-1" />
    </group>
    <group value="Android.InstantRunActions" is_group="true" action_type="-1" position="1">
      <path value="root" />
      <path value="Main Toolbar" />
      <path value="Toolbar Run Actions" />
      <path value="Run/Debug" />
      <option name="myInitialPosition" value="-1" />
    </group>
    <group value="Android.SyncProject" is_action="true" action_type="-1" position="1">
      <path value="root" />
      <path value="Main Toolbar" />
      <path value="Android.MainToolBarActionGroup" />
      <option name="myInitialPosition" value="-1" />
    </group>
    <group value="RunnerActions" is_group="true" action_type="1" position="4">
      <path value="root" />
      <path value="Main Toolbar" />
      <path value="Toolbar Run Actions" />
      <option name="myInitialPosition" value="-1" />
    </group>
    <group seperator="true" action_type="1" position="17">
      <path value="root" />
      <path value="Main Toolbar" />
      <option name="myInitialPosition" value="-1" />
    </group>
    <group value="FileChooser.TogglePathShowing" is_action="true" action_type="1" position="18">
      <path value="root" />
      <path value="Main Toolbar" />
      <option name="myInitialPosition" value="-1" />
    </group>
  </component>
</application>