<application>
  <component name="ActionMacroManager">
    <macro name="&lt;noname&gt;">
      <action id="GotoAction" />
      <typing text-keycode="65:0;84:0;84:0;65:0;67:0;72:0;32:0;68:0;69:0">attach&amp;#x20;de</typing>
      <shortuct text="ESCAPE" />
      <action id="GotoAction" />
      <shortuct text="ENTER" />
      <action id="XDebugger.AttachToProcess" />
      <shortuct text="ESCAPE" />
      <shortuct text="ESCAPE" />
      <action id="GotoAction" />
      <shortuct text="ESCAPE" />
      <action id="GotoAction" />
      <typing text-keycode="77:0;65:0;67:0;82:0;79:0;83:0">macros</typing>
      <shortuct text="ENTER" />
    </macro>
    <macro name="Systemui">
      <action id="GotoAction" />
      <typing text-keycode="68:0;69:0;66:0;85:0;71:0;71:0">debugg</typing>
      <shortuct text="ENTER" />
      <action id="AndroidConnectDebuggerAction" />
      <action id="GotoAction" />
      <typing text-keycode="83:0;84:0;79:0;73:0;80:0">stoip</typing>
      <action id="EditorBackSpace" />
      <action id="EditorBackSpace" />
      <typing text-keycode="80:0">p</typing>
      <shortuct text="ENTER" />
    </macro>
  </component>
</application>