<keymap version="1" name="Vadim (Gnome)" parent="Default for GNOME">
  <action id="ActivateProjectToolWindow">
    <keyboard-shortcut first-keystroke="alt 1" />
    <keyboard-shortcut first-keystroke="meta alt 1" />
  </action>
  <action id="ActivateStructureToolWindow">
    <keyboard-shortcut first-keystroke="alt 7" />
    <keyboard-shortcut first-keystroke="f2" />
  </action>
  <action id="AndroidConnectDebuggerAction">
    <keyboard-shortcut first-keystroke="shift ctrl f9" />
  </action>
  <action id="Annotate">
    <keyboard-shortcut first-keystroke="alt g" />
  </action>
  <action id="Back">
    <keyboard-shortcut first-keystroke="shift alt left" />
    <mouse-shortcut keystroke="button4" />
    <keyboard-shortcut first-keystroke="ctrl alt left" />
  </action>
  <action id="ChooseRunConfiguration">
    <keyboard-shortcut first-keystroke="shift alt f10" />
    <keyboard-shortcut first-keystroke="f10" />
  </action>
  <action id="CloseContent">
    <keyboard-shortcut first-keystroke="ctrl f4" />
    <keyboard-shortcut first-keystroke="alt f4" />
  </action>
  <action id="CollapseAllRegions">
    <keyboard-shortcut first-keystroke="shift ctrl subtract" />
    <keyboard-shortcut first-keystroke="shift ctrl minus" />
    <keyboard-shortcut first-keystroke="shift ctrl alt up" />
  </action>
  <action id="Compile" />
  <action id="ContextHelp" />
  <action id="DockPinnedMode">
    <keyboard-shortcut first-keystroke="shift ctrl alt d" />
  </action>
  <action id="EditorCloneCaretAbove">
    <keyboard-shortcut first-keystroke="shift alt up" />
  </action>
  <action id="EditorCloneCaretBelow">
    <keyboard-shortcut first-keystroke="shift alt down" />
  </action>
  <action id="EditorScrollToCenter">
    <keyboard-shortcut first-keystroke="ctrl m" />
    <mouse-shortcut keystroke="control button3" />
    <keyboard-shortcut first-keystroke="caps_lock" second-keystroke="caps_lock" />
  </action>
  <action id="EditorToggleUseSoftWraps">
    <keyboard-shortcut first-keystroke="shift ctrl alt w" />
  </action>
  <action id="ExpandRegion">
    <keyboard-shortcut first-keystroke="ctrl add" />
    <keyboard-shortcut first-keystroke="ctrl equals" />
    <keyboard-shortcut first-keystroke="shift ctrl alt down" />
  </action>
  <action id="FileStructurePopup">
    <keyboard-shortcut first-keystroke="ctrl f12" />
    <keyboard-shortcut first-keystroke="f1" />
  </action>
  <action id="FindUsages">
    <keyboard-shortcut first-keystroke="shift alt 7" />
    <keyboard-shortcut first-keystroke="alt f7" />
  </action>
  <action id="Forward">
    <keyboard-shortcut first-keystroke="shift alt right" />
    <mouse-shortcut keystroke="button5" />
    <keyboard-shortcut first-keystroke="ctrl alt right" />
  </action>
  <action id="Git.ResolveConflicts">
    <keyboard-shortcut first-keystroke="shift ctrl alt minus" />
  </action>
  <action id="GotoNextError">
    <keyboard-shortcut first-keystroke="shift alt n" />
  </action>
  <action id="HideAllWindows">
    <keyboard-shortcut first-keystroke="shift ctrl f12" />
    <keyboard-shortcut first-keystroke="shift ctrl alt g" />
  </action>
  <action id="Hotswap">
    <keyboard-shortcut first-keystroke="pause" />
    <keyboard-shortcut first-keystroke="shift ctrl alt f9" />
  </action>
  <action id="Images.Editor.ToggleGrid" />
  <action id="JumpToLastWindow">
    <keyboard-shortcut first-keystroke="shift alt equals" />
    <keyboard-shortcut first-keystroke="f12" />
  </action>
  <action id="Macro.debug system process">
    <keyboard-shortcut first-keystroke="shift ctrl alt 9" />
  </action>
  <action id="MainMenu">
    <keyboard-shortcut first-keystroke="ctrl context_menu" />
    <keyboard-shortcut first-keystroke="shift ctrl alt delete" />
    <mouse-shortcut keystroke="shift control button3" />
  </action>
  <action id="MainToolBar">
    <keyboard-shortcut first-keystroke="shift ctrl k" />
  </action>
  <action id="NextOccurence" />
  <action id="NextSplitter">
    <keyboard-shortcut first-keystroke="ctrl back_quote" />
    <keyboard-shortcut first-keystroke="shift ctrl alt equals" />
  </action>
  <action id="OpenInTerminal.open.current">
    <keyboard-shortcut first-keystroke="ctrl windows" second-keystroke="enter" />
  </action>
  <action id="PreviousOccurence" />
  <action id="QuickChangeScheme" />
  <action id="QuickImplementations">
    <keyboard-shortcut first-keystroke="shift ctrl i" />
    <keyboard-shortcut first-keystroke="ctrl alt q" />
  </action>
  <action id="QuickJavaDoc">
    <keyboard-shortcut first-keystroke="ctrl q" />
    <mouse-shortcut keystroke="alt button2" />
    <keyboard-shortcut first-keystroke="shift ctrl i" />
  </action>
  <action id="RunToCursor" />
  <action id="ShowRecentTests" />
  <action id="SplitVertically">
    <keyboard-shortcut first-keystroke="shift ctrl back_quote" />
    <keyboard-shortcut first-keystroke="shift ctrl alt enter" />
    <keyboard-shortcut first-keystroke="shift ctrl semicolon" />
  </action>
  <action id="StepOut">
    <keyboard-shortcut first-keystroke="shift alt back_quote" />
  </action>
  <action id="SwitchApply">
    <keyboard-shortcut first-keystroke="shift alt enter" />
  </action>
  <action id="SwitchDown">
    <keyboard-shortcut first-keystroke="shift alt down" />
  </action>
  <action id="SwitchLeft">
    <keyboard-shortcut first-keystroke="shift alt left" />
  </action>
  <action id="SwitchRight">
    <keyboard-shortcut first-keystroke="shift alt right" />
  </action>
  <action id="SwitchUp">
    <keyboard-shortcut first-keystroke="shift alt up" />
  </action>
  <action id="TWViewModes">
    <keyboard-shortcut first-keystroke="shift ctrl alt close_bracket" />
  </action>
  <action id="TabsPlacementLeft">
    <keyboard-shortcut first-keystroke="shift ctrl alt tab" />
  </action>
  <action id="TabsPlacementNone">
    <keyboard-shortcut first-keystroke="shift ctrl alt escape" />
  </action>
  <action id="ToggleDistractionFreeMode">
    <keyboard-shortcut first-keystroke="shift ctrl alt f11" />
  </action>
  <action id="ToggleInlineHintsAction">
    <keyboard-shortcut first-keystroke="altGraph f1" />
    <keyboard-shortcut first-keystroke="shift alt 2" />
  </action>
  <action id="Tool_External Tools_Code Search">
    <keyboard-shortcut first-keystroke="shift ctrl alt semicolon" />
  </action>
  <action id="Unsplit">
    <keyboard-shortcut first-keystroke="shift ctrl escape" />
    <keyboard-shortcut first-keystroke="shift ctrl alt back_space" />
  </action>
  <action id="UpdateRunningApplication" />
  <action id="Vcs.Push" />
  <action id="VcsShowNextChangeMarker">
    <keyboard-shortcut first-keystroke="shift alt l" />
  </action>
  <action id="VcsShowPrevChangeMarker">
    <keyboard-shortcut first-keystroke="shift alt k" />
  </action>
  <action id="WindowMode">
    <keyboard-shortcut first-keystroke="shift alt d" />
  </action>
  <action id="XDebugger.MuteBreakpoints">
    <keyboard-shortcut first-keystroke="shift alt quote" />
  </action>
  <action id="android.deploy.ApplyChanges">
    <keyboard-shortcut first-keystroke="ctrl f10" />
  </action>
  <action id="android.deploy.CodeSwap">
    <keyboard-shortcut first-keystroke="ctrl alt f10" />
  </action>
  <action id="linessorter.sort" />
</keymap>