<filetype binary="false" default_extension="bp" description=".bp" name=".bp">
  <highlighting>
    <options>
      <option name="LINE_COMMENT" value="//" />
      <option name="COMMENT_START" value="" />
      <option name="COMMENT_END" value="" />
      <option name="HEX_PREFIX" value="" />
      <option name="NUM_POSTFIXES" value="" />
      <option name="HAS_BRACES" value="true" />
      <option name="HAS_BRACKETS" value="true" />
      <option name="HAS_PARENS" value="true" />
      <option name="HAS_STRING_ESCAPES" value="true" />
    </options>
    <keywords keywords="false;imports;name;optimize;path;srcs;true" ignore_case="false" />
  </highlighting>
  <extensionMap>
    <mapping ext="bp" />
  </extensionMap>
</filetype>