<application>
  <component name="LineMarkerSettings">
    <option name="providers">
      <map>
        <entry key="com.intellij.codeInsight.ExternalAnnotationsLineMarkerProvider" value="true" />
        <entry key="com.intellij.codeInsight.daemon.impl.IconLineMarkerProvider" value="true" />
        <entry key="com.intellij.codeInsight.daemon.impl.RecursiveCallLineMarkerProvider" value="true" />
        <entry key="com.intellij.execution.lineMarker.RunLineMarkerProvider" value="true" />
        <entry key="java.implemented" value="true" />
        <entry key="java.implementing" value="true" />
        <entry key="java.lambda" value="true" />
        <entry key="java.overridden" value="true" />
        <entry key="java.overriding" value="true" />
      </map>
    </option>
  </component>
</application>