<application>
  <component name="ProjectJdkTable">
    <jdk version="2">
      <name value="21" />
      <type value="JavaSDK" />
      <version value="21.0.1" />
      <homePath value="$USER_HOME$/W/android/main/prebuilts/jdk/jdk21/linux-x86" />
      <roots>
        <annotationsPath>
          <root type="composite">
            <root url="jar://$APPLICATION_HOME_DIR$/plugins/java/lib/resources/jdkAnnotations.jar!/" type="simple" />
          </root>
        </annotationsPath>
        <classPath>
          <root type="composite">
            <root url="jrt://$USER_HOME$/W/android/main/prebuilts/jdk/jdk21/linux-x86!/java.base" type="simple" />
            <root url="jrt://$USER_HOME$/W/android/main/prebuilts/jdk/jdk21/linux-x86!/java.compiler" type="simple" />
            <root url="jrt://$USER_HOME$/W/android/main/prebuilts/jdk/jdk21/linux-x86!/java.datatransfer" type="simple" />
            <root url="jrt://$USER_HOME$/W/android/main/prebuilts/jdk/jdk21/linux-x86!/java.desktop" type="simple" />
            <root url="jrt://$USER_HOME$/W/android/main/prebuilts/jdk/jdk21/linux-x86!/java.instrument" type="simple" />
            <root url="jrt://$USER_HOME$/W/android/main/prebuilts/jdk/jdk21/linux-x86!/java.logging" type="simple" />
            <root url="jrt://$USER_HOME$/W/android/main/prebuilts/jdk/jdk21/linux-x86!/java.management" type="simple" />
            <root url="jrt://$USER_HOME$/W/android/main/prebuilts/jdk/jdk21/linux-x86!/java.management.rmi" type="simple" />
            <root url="jrt://$USER_HOME$/W/android/main/prebuilts/jdk/jdk21/linux-x86!/java.naming" type="simple" />
            <root url="jrt://$USER_HOME$/W/android/main/prebuilts/jdk/jdk21/linux-x86!/java.net.http" type="simple" />
            <root url="jrt://$USER_HOME$/W/android/main/prebuilts/jdk/jdk21/linux-x86!/java.prefs" type="simple" />
            <root url="jrt://$USER_HOME$/W/android/main/prebuilts/jdk/jdk21/linux-x86!/java.rmi" type="simple" />
            <root url="jrt://$USER_HOME$/W/android/main/prebuilts/jdk/jdk21/linux-x86!/java.scripting" type="simple" />
            <root url="jrt://$USER_HOME$/W/android/main/prebuilts/jdk/jdk21/linux-x86!/java.se" type="simple" />
            <root url="jrt://$USER_HOME$/W/android/main/prebuilts/jdk/jdk21/linux-x86!/java.security.jgss" type="simple" />
            <root url="jrt://$USER_HOME$/W/android/main/prebuilts/jdk/jdk21/linux-x86!/java.security.sasl" type="simple" />
            <root url="jrt://$USER_HOME$/W/android/main/prebuilts/jdk/jdk21/linux-x86!/java.smartcardio" type="simple" />
            <root url="jrt://$USER_HOME$/W/android/main/prebuilts/jdk/jdk21/linux-x86!/java.sql" type="simple" />
            <root url="jrt://$USER_HOME$/W/android/main/prebuilts/jdk/jdk21/linux-x86!/java.sql.rowset" type="simple" />
            <root url="jrt://$USER_HOME$/W/android/main/prebuilts/jdk/jdk21/linux-x86!/java.transaction.xa" type="simple" />
            <root url="jrt://$USER_HOME$/W/android/main/prebuilts/jdk/jdk21/linux-x86!/java.xml" type="simple" />
            <root url="jrt://$USER_HOME$/W/android/main/prebuilts/jdk/jdk21/linux-x86!/java.xml.crypto" type="simple" />
            <root url="jrt://$USER_HOME$/W/android/main/prebuilts/jdk/jdk21/linux-x86!/jdk.accessibility" type="simple" />
            <root url="jrt://$USER_HOME$/W/android/main/prebuilts/jdk/jdk21/linux-x86!/jdk.attach" type="simple" />
            <root url="jrt://$USER_HOME$/W/android/main/prebuilts/jdk/jdk21/linux-x86!/jdk.charsets" type="simple" />
            <root url="jrt://$USER_HOME$/W/android/main/prebuilts/jdk/jdk21/linux-x86!/jdk.compiler" type="simple" />
            <root url="jrt://$USER_HOME$/W/android/main/prebuilts/jdk/jdk21/linux-x86!/jdk.crypto.cryptoki" type="simple" />
            <root url="jrt://$USER_HOME$/W/android/main/prebuilts/jdk/jdk21/linux-x86!/jdk.crypto.ec" type="simple" />
            <root url="jrt://$USER_HOME$/W/android/main/prebuilts/jdk/jdk21/linux-x86!/jdk.dynalink" type="simple" />
            <root url="jrt://$USER_HOME$/W/android/main/prebuilts/jdk/jdk21/linux-x86!/jdk.editpad" type="simple" />
            <root url="jrt://$USER_HOME$/W/android/main/prebuilts/jdk/jdk21/linux-x86!/jdk.hotspot.agent" type="simple" />
            <root url="jrt://$USER_HOME$/W/android/main/prebuilts/jdk/jdk21/linux-x86!/jdk.httpserver" type="simple" />
            <root url="jrt://$USER_HOME$/W/android/main/prebuilts/jdk/jdk21/linux-x86!/jdk.incubator.vector" type="simple" />
            <root url="jrt://$USER_HOME$/W/android/main/prebuilts/jdk/jdk21/linux-x86!/jdk.internal.ed" type="simple" />
            <root url="jrt://$USER_HOME$/W/android/main/prebuilts/jdk/jdk21/linux-x86!/jdk.internal.jvmstat" type="simple" />
            <root url="jrt://$USER_HOME$/W/android/main/prebuilts/jdk/jdk21/linux-x86!/jdk.internal.le" type="simple" />
            <root url="jrt://$USER_HOME$/W/android/main/prebuilts/jdk/jdk21/linux-x86!/jdk.internal.opt" type="simple" />
            <root url="jrt://$USER_HOME$/W/android/main/prebuilts/jdk/jdk21/linux-x86!/jdk.internal.vm.ci" type="simple" />
            <root url="jrt://$USER_HOME$/W/android/main/prebuilts/jdk/jdk21/linux-x86!/jdk.internal.vm.compiler" type="simple" />
            <root url="jrt://$USER_HOME$/W/android/main/prebuilts/jdk/jdk21/linux-x86!/jdk.internal.vm.compiler.management" type="simple" />
            <root url="jrt://$USER_HOME$/W/android/main/prebuilts/jdk/jdk21/linux-x86!/jdk.jartool" type="simple" />
            <root url="jrt://$USER_HOME$/W/android/main/prebuilts/jdk/jdk21/linux-x86!/jdk.javadoc" type="simple" />
            <root url="jrt://$USER_HOME$/W/android/main/prebuilts/jdk/jdk21/linux-x86!/jdk.jcmd" type="simple" />
            <root url="jrt://$USER_HOME$/W/android/main/prebuilts/jdk/jdk21/linux-x86!/jdk.jconsole" type="simple" />
            <root url="jrt://$USER_HOME$/W/android/main/prebuilts/jdk/jdk21/linux-x86!/jdk.jdeps" type="simple" />
            <root url="jrt://$USER_HOME$/W/android/main/prebuilts/jdk/jdk21/linux-x86!/jdk.jdi" type="simple" />
            <root url="jrt://$USER_HOME$/W/android/main/prebuilts/jdk/jdk21/linux-x86!/jdk.jdwp.agent" type="simple" />
            <root url="jrt://$USER_HOME$/W/android/main/prebuilts/jdk/jdk21/linux-x86!/jdk.jfr" type="simple" />
            <root url="jrt://$USER_HOME$/W/android/main/prebuilts/jdk/jdk21/linux-x86!/jdk.jlink" type="simple" />
            <root url="jrt://$USER_HOME$/W/android/main/prebuilts/jdk/jdk21/linux-x86!/jdk.jpackage" type="simple" />
            <root url="jrt://$USER_HOME$/W/android/main/prebuilts/jdk/jdk21/linux-x86!/jdk.jshell" type="simple" />
            <root url="jrt://$USER_HOME$/W/android/main/prebuilts/jdk/jdk21/linux-x86!/jdk.jsobject" type="simple" />
            <root url="jrt://$USER_HOME$/W/android/main/prebuilts/jdk/jdk21/linux-x86!/jdk.jstatd" type="simple" />
            <root url="jrt://$USER_HOME$/W/android/main/prebuilts/jdk/jdk21/linux-x86!/jdk.localedata" type="simple" />
            <root url="jrt://$USER_HOME$/W/android/main/prebuilts/jdk/jdk21/linux-x86!/jdk.management" type="simple" />
            <root url="jrt://$USER_HOME$/W/android/main/prebuilts/jdk/jdk21/linux-x86!/jdk.management.agent" type="simple" />
            <root url="jrt://$USER_HOME$/W/android/main/prebuilts/jdk/jdk21/linux-x86!/jdk.management.jfr" type="simple" />
            <root url="jrt://$USER_HOME$/W/android/main/prebuilts/jdk/jdk21/linux-x86!/jdk.naming.dns" type="simple" />
            <root url="jrt://$USER_HOME$/W/android/main/prebuilts/jdk/jdk21/linux-x86!/jdk.naming.rmi" type="simple" />
            <root url="jrt://$USER_HOME$/W/android/main/prebuilts/jdk/jdk21/linux-x86!/jdk.net" type="simple" />
            <root url="jrt://$USER_HOME$/W/android/main/prebuilts/jdk/jdk21/linux-x86!/jdk.nio.mapmode" type="simple" />
            <root url="jrt://$USER_HOME$/W/android/main/prebuilts/jdk/jdk21/linux-x86!/jdk.random" type="simple" />
            <root url="jrt://$USER_HOME$/W/android/main/prebuilts/jdk/jdk21/linux-x86!/jdk.sctp" type="simple" />
            <root url="jrt://$USER_HOME$/W/android/main/prebuilts/jdk/jdk21/linux-x86!/jdk.security.auth" type="simple" />
            <root url="jrt://$USER_HOME$/W/android/main/prebuilts/jdk/jdk21/linux-x86!/jdk.security.jgss" type="simple" />
            <root url="jrt://$USER_HOME$/W/android/main/prebuilts/jdk/jdk21/linux-x86!/jdk.unsupported" type="simple" />
            <root url="jrt://$USER_HOME$/W/android/main/prebuilts/jdk/jdk21/linux-x86!/jdk.unsupported.desktop" type="simple" />
            <root url="jrt://$USER_HOME$/W/android/main/prebuilts/jdk/jdk21/linux-x86!/jdk.xml.dom" type="simple" />
            <root url="jrt://$USER_HOME$/W/android/main/prebuilts/jdk/jdk21/linux-x86!/jdk.zipfs" type="simple" />
          </root>
        </classPath>
        <javadocPath>
          <root type="composite" />
        </javadocPath>
        <sourcePath>
          <root type="composite">
            <root url="jar://$USER_HOME$/W/android/main/prebuilts/jdk/jdk21/linux-x86/lib/src.zip!/java.se" type="simple" />
            <root url="jar://$USER_HOME$/W/android/main/prebuilts/jdk/jdk21/linux-x86/lib/src.zip!/jdk.jdi" type="simple" />
            <root url="jar://$USER_HOME$/W/android/main/prebuilts/jdk/jdk21/linux-x86/lib/src.zip!/jdk.jfr" type="simple" />
            <root url="jar://$USER_HOME$/W/android/main/prebuilts/jdk/jdk21/linux-x86/lib/src.zip!/jdk.net" type="simple" />
            <root url="jar://$USER_HOME$/W/android/main/prebuilts/jdk/jdk21/linux-x86/lib/src.zip!/java.rmi" type="simple" />
            <root url="jar://$USER_HOME$/W/android/main/prebuilts/jdk/jdk21/linux-x86/lib/src.zip!/java.sql" type="simple" />
            <root url="jar://$USER_HOME$/W/android/main/prebuilts/jdk/jdk21/linux-x86/lib/src.zip!/java.xml" type="simple" />
            <root url="jar://$USER_HOME$/W/android/main/prebuilts/jdk/jdk21/linux-x86/lib/src.zip!/jdk.jcmd" type="simple" />
            <root url="jar://$USER_HOME$/W/android/main/prebuilts/jdk/jdk21/linux-x86/lib/src.zip!/jdk.sctp" type="simple" />
            <root url="jar://$USER_HOME$/W/android/main/prebuilts/jdk/jdk21/linux-x86/lib/src.zip!/java.base" type="simple" />
            <root url="jar://$USER_HOME$/W/android/main/prebuilts/jdk/jdk21/linux-x86/lib/src.zip!/jdk.jdeps" type="simple" />
            <root url="jar://$USER_HOME$/W/android/main/prebuilts/jdk/jdk21/linux-x86/lib/src.zip!/jdk.jlink" type="simple" />
            <root url="jar://$USER_HOME$/W/android/main/prebuilts/jdk/jdk21/linux-x86/lib/src.zip!/jdk.zipfs" type="simple" />
            <root url="jar://$USER_HOME$/W/android/main/prebuilts/jdk/jdk21/linux-x86/lib/src.zip!/java.prefs" type="simple" />
            <root url="jar://$USER_HOME$/W/android/main/prebuilts/jdk/jdk21/linux-x86/lib/src.zip!/jdk.attach" type="simple" />
            <root url="jar://$USER_HOME$/W/android/main/prebuilts/jdk/jdk21/linux-x86/lib/src.zip!/jdk.jshell" type="simple" />
            <root url="jar://$USER_HOME$/W/android/main/prebuilts/jdk/jdk21/linux-x86/lib/src.zip!/jdk.jstatd" type="simple" />
            <root url="jar://$USER_HOME$/W/android/main/prebuilts/jdk/jdk21/linux-x86/lib/src.zip!/jdk.random" type="simple" />
            <root url="jar://$USER_HOME$/W/android/main/prebuilts/jdk/jdk21/linux-x86/lib/src.zip!/java.naming" type="simple" />
            <root url="jar://$USER_HOME$/W/android/main/prebuilts/jdk/jdk21/linux-x86/lib/src.zip!/jdk.editpad" type="simple" />
            <root url="jar://$USER_HOME$/W/android/main/prebuilts/jdk/jdk21/linux-x86/lib/src.zip!/jdk.jartool" type="simple" />
            <root url="jar://$USER_HOME$/W/android/main/prebuilts/jdk/jdk21/linux-x86/lib/src.zip!/jdk.javadoc" type="simple" />
            <root url="jar://$USER_HOME$/W/android/main/prebuilts/jdk/jdk21/linux-x86/lib/src.zip!/jdk.xml.dom" type="simple" />
            <root url="jar://$USER_HOME$/W/android/main/prebuilts/jdk/jdk21/linux-x86/lib/src.zip!/java.desktop" type="simple" />
            <root url="jar://$USER_HOME$/W/android/main/prebuilts/jdk/jdk21/linux-x86/lib/src.zip!/java.logging" type="simple" />
            <root url="jar://$USER_HOME$/W/android/main/prebuilts/jdk/jdk21/linux-x86/lib/src.zip!/jdk.charsets" type="simple" />
            <root url="jar://$USER_HOME$/W/android/main/prebuilts/jdk/jdk21/linux-x86/lib/src.zip!/jdk.compiler" type="simple" />
            <root url="jar://$USER_HOME$/W/android/main/prebuilts/jdk/jdk21/linux-x86/lib/src.zip!/jdk.dynalink" type="simple" />
            <root url="jar://$USER_HOME$/W/android/main/prebuilts/jdk/jdk21/linux-x86/lib/src.zip!/jdk.jconsole" type="simple" />
            <root url="jar://$USER_HOME$/W/android/main/prebuilts/jdk/jdk21/linux-x86/lib/src.zip!/jdk.jpackage" type="simple" />
            <root url="jar://$USER_HOME$/W/android/main/prebuilts/jdk/jdk21/linux-x86/lib/src.zip!/jdk.jsobject" type="simple" />
            <root url="jar://$USER_HOME$/W/android/main/prebuilts/jdk/jdk21/linux-x86/lib/src.zip!/java.compiler" type="simple" />
            <root url="jar://$USER_HOME$/W/android/main/prebuilts/jdk/jdk21/linux-x86/lib/src.zip!/java.net.http" type="simple" />
            <root url="jar://$USER_HOME$/W/android/main/prebuilts/jdk/jdk21/linux-x86/lib/src.zip!/jdk.crypto.ec" type="simple" />
            <root url="jar://$USER_HOME$/W/android/main/prebuilts/jdk/jdk21/linux-x86/lib/src.zip!/java.scripting" type="simple" />
            <root url="jar://$USER_HOME$/W/android/main/prebuilts/jdk/jdk21/linux-x86/lib/src.zip!/jdk.httpserver" type="simple" />
            <root url="jar://$USER_HOME$/W/android/main/prebuilts/jdk/jdk21/linux-x86/lib/src.zip!/jdk.jdwp.agent" type="simple" />
            <root url="jar://$USER_HOME$/W/android/main/prebuilts/jdk/jdk21/linux-x86/lib/src.zip!/jdk.localedata" type="simple" />
            <root url="jar://$USER_HOME$/W/android/main/prebuilts/jdk/jdk21/linux-x86/lib/src.zip!/jdk.management" type="simple" />
            <root url="jar://$USER_HOME$/W/android/main/prebuilts/jdk/jdk21/linux-x86/lib/src.zip!/jdk.naming.dns" type="simple" />
            <root url="jar://$USER_HOME$/W/android/main/prebuilts/jdk/jdk21/linux-x86/lib/src.zip!/jdk.naming.rmi" type="simple" />
            <root url="jar://$USER_HOME$/W/android/main/prebuilts/jdk/jdk21/linux-x86/lib/src.zip!/java.instrument" type="simple" />
            <root url="jar://$USER_HOME$/W/android/main/prebuilts/jdk/jdk21/linux-x86/lib/src.zip!/java.management" type="simple" />
            <root url="jar://$USER_HOME$/W/android/main/prebuilts/jdk/jdk21/linux-x86/lib/src.zip!/java.sql.rowset" type="simple" />
            <root url="jar://$USER_HOME$/W/android/main/prebuilts/jdk/jdk21/linux-x86/lib/src.zip!/java.xml.crypto" type="simple" />
            <root url="jar://$USER_HOME$/W/android/main/prebuilts/jdk/jdk21/linux-x86/lib/src.zip!/jdk.internal.ed" type="simple" />
            <root url="jar://$USER_HOME$/W/android/main/prebuilts/jdk/jdk21/linux-x86/lib/src.zip!/jdk.internal.le" type="simple" />
            <root url="jar://$USER_HOME$/W/android/main/prebuilts/jdk/jdk21/linux-x86/lib/src.zip!/jdk.nio.mapmode" type="simple" />
            <root url="jar://$USER_HOME$/W/android/main/prebuilts/jdk/jdk21/linux-x86/lib/src.zip!/jdk.unsupported" type="simple" />
            <root url="jar://$USER_HOME$/W/android/main/prebuilts/jdk/jdk21/linux-x86/lib/src.zip!/java.smartcardio" type="simple" />
            <root url="jar://$USER_HOME$/W/android/main/prebuilts/jdk/jdk21/linux-x86/lib/src.zip!/jdk.internal.opt" type="simple" />
            <root url="jar://$USER_HOME$/W/android/main/prebuilts/jdk/jdk21/linux-x86/lib/src.zip!/java.datatransfer" type="simple" />
            <root url="jar://$USER_HOME$/W/android/main/prebuilts/jdk/jdk21/linux-x86/lib/src.zip!/jdk.accessibility" type="simple" />
            <root url="jar://$USER_HOME$/W/android/main/prebuilts/jdk/jdk21/linux-x86/lib/src.zip!/jdk.hotspot.agent" type="simple" />
            <root url="jar://$USER_HOME$/W/android/main/prebuilts/jdk/jdk21/linux-x86/lib/src.zip!/jdk.security.auth" type="simple" />
            <root url="jar://$USER_HOME$/W/android/main/prebuilts/jdk/jdk21/linux-x86/lib/src.zip!/jdk.security.jgss" type="simple" />
            <root url="jar://$USER_HOME$/W/android/main/prebuilts/jdk/jdk21/linux-x86/lib/src.zip!/java.security.jgss" type="simple" />
            <root url="jar://$USER_HOME$/W/android/main/prebuilts/jdk/jdk21/linux-x86/lib/src.zip!/java.security.sasl" type="simple" />
            <root url="jar://$USER_HOME$/W/android/main/prebuilts/jdk/jdk21/linux-x86/lib/src.zip!/jdk.internal.vm.ci" type="simple" />
            <root url="jar://$USER_HOME$/W/android/main/prebuilts/jdk/jdk21/linux-x86/lib/src.zip!/jdk.management.jfr" type="simple" />
            <root url="jar://$USER_HOME$/W/android/main/prebuilts/jdk/jdk21/linux-x86/lib/src.zip!/java.management.rmi" type="simple" />
            <root url="jar://$USER_HOME$/W/android/main/prebuilts/jdk/jdk21/linux-x86/lib/src.zip!/java.transaction.xa" type="simple" />
            <root url="jar://$USER_HOME$/W/android/main/prebuilts/jdk/jdk21/linux-x86/lib/src.zip!/jdk.crypto.cryptoki" type="simple" />
            <root url="jar://$USER_HOME$/W/android/main/prebuilts/jdk/jdk21/linux-x86/lib/src.zip!/jdk.incubator.vector" type="simple" />
            <root url="jar://$USER_HOME$/W/android/main/prebuilts/jdk/jdk21/linux-x86/lib/src.zip!/jdk.internal.jvmstat" type="simple" />
            <root url="jar://$USER_HOME$/W/android/main/prebuilts/jdk/jdk21/linux-x86/lib/src.zip!/jdk.management.agent" type="simple" />
            <root url="jar://$USER_HOME$/W/android/main/prebuilts/jdk/jdk21/linux-x86/lib/src.zip!/jdk.unsupported.desktop" type="simple" />
            <root url="jar://$USER_HOME$/W/android/main/prebuilts/jdk/jdk21/linux-x86/lib/src.zip!/jdk.internal.vm.compiler" type="simple" />
            <root url="jar://$USER_HOME$/W/android/main/prebuilts/jdk/jdk21/linux-x86/lib/src.zip!/jdk.internal.vm.compiler.management" type="simple" />
          </root>
        </sourcePath>
      </roots>
    </jdk>
    <jdk version="2">
      <name value="jbr-17" />
      <type value="JavaSDK" />
      <version value="JetBrains Runtime version 17.0.9" />
      <homePath value="$APPLICATION_HOME_DIR$/jbr" />
      <roots>
        <annotationsPath>
          <root type="composite">
            <root url="jar://$APPLICATION_HOME_DIR$/plugins/java/lib/resources/jdkAnnotations.jar!/" type="simple" />
          </root>
        </annotationsPath>
        <classPath>
          <root type="composite">
            <root url="jrt://$APPLICATION_HOME_DIR$/jbr!/java.base" type="simple" />
            <root url="jrt://$APPLICATION_HOME_DIR$/jbr!/java.compiler" type="simple" />
            <root url="jrt://$APPLICATION_HOME_DIR$/jbr!/java.datatransfer" type="simple" />
            <root url="jrt://$APPLICATION_HOME_DIR$/jbr!/java.desktop" type="simple" />
            <root url="jrt://$APPLICATION_HOME_DIR$/jbr!/java.instrument" type="simple" />
            <root url="jrt://$APPLICATION_HOME_DIR$/jbr!/java.logging" type="simple" />
            <root url="jrt://$APPLICATION_HOME_DIR$/jbr!/java.management" type="simple" />
            <root url="jrt://$APPLICATION_HOME_DIR$/jbr!/java.management.rmi" type="simple" />
            <root url="jrt://$APPLICATION_HOME_DIR$/jbr!/java.naming" type="simple" />
            <root url="jrt://$APPLICATION_HOME_DIR$/jbr!/java.net.http" type="simple" />
            <root url="jrt://$APPLICATION_HOME_DIR$/jbr!/java.prefs" type="simple" />
            <root url="jrt://$APPLICATION_HOME_DIR$/jbr!/java.rmi" type="simple" />
            <root url="jrt://$APPLICATION_HOME_DIR$/jbr!/java.scripting" type="simple" />
            <root url="jrt://$APPLICATION_HOME_DIR$/jbr!/java.se" type="simple" />
            <root url="jrt://$APPLICATION_HOME_DIR$/jbr!/java.security.jgss" type="simple" />
            <root url="jrt://$APPLICATION_HOME_DIR$/jbr!/java.security.sasl" type="simple" />
            <root url="jrt://$APPLICATION_HOME_DIR$/jbr!/java.smartcardio" type="simple" />
            <root url="jrt://$APPLICATION_HOME_DIR$/jbr!/java.sql" type="simple" />
            <root url="jrt://$APPLICATION_HOME_DIR$/jbr!/java.sql.rowset" type="simple" />
            <root url="jrt://$APPLICATION_HOME_DIR$/jbr!/java.transaction.xa" type="simple" />
            <root url="jrt://$APPLICATION_HOME_DIR$/jbr!/java.xml" type="simple" />
            <root url="jrt://$APPLICATION_HOME_DIR$/jbr!/java.xml.crypto" type="simple" />
            <root url="jrt://$APPLICATION_HOME_DIR$/jbr!/jdk.accessibility" type="simple" />
            <root url="jrt://$APPLICATION_HOME_DIR$/jbr!/jdk.attach" type="simple" />
            <root url="jrt://$APPLICATION_HOME_DIR$/jbr!/jdk.charsets" type="simple" />
            <root url="jrt://$APPLICATION_HOME_DIR$/jbr!/jdk.compiler" type="simple" />
            <root url="jrt://$APPLICATION_HOME_DIR$/jbr!/jdk.crypto.cryptoki" type="simple" />
            <root url="jrt://$APPLICATION_HOME_DIR$/jbr!/jdk.crypto.ec" type="simple" />
            <root url="jrt://$APPLICATION_HOME_DIR$/jbr!/jdk.dynalink" type="simple" />
            <root url="jrt://$APPLICATION_HOME_DIR$/jbr!/jdk.hotspot.agent" type="simple" />
            <root url="jrt://$APPLICATION_HOME_DIR$/jbr!/jdk.httpserver" type="simple" />
            <root url="jrt://$APPLICATION_HOME_DIR$/jbr!/jdk.internal.ed" type="simple" />
            <root url="jrt://$APPLICATION_HOME_DIR$/jbr!/jdk.internal.jvmstat" type="simple" />
            <root url="jrt://$APPLICATION_HOME_DIR$/jbr!/jdk.internal.le" type="simple" />
            <root url="jrt://$APPLICATION_HOME_DIR$/jbr!/jdk.internal.opt" type="simple" />
            <root url="jrt://$APPLICATION_HOME_DIR$/jbr!/jdk.internal.vm.ci" type="simple" />
            <root url="jrt://$APPLICATION_HOME_DIR$/jbr!/jdk.internal.vm.compiler" type="simple" />
            <root url="jrt://$APPLICATION_HOME_DIR$/jbr!/jdk.internal.vm.compiler.management" type="simple" />
            <root url="jrt://$APPLICATION_HOME_DIR$/jbr!/jdk.jartool" type="simple" />
            <root url="jrt://$APPLICATION_HOME_DIR$/jbr!/jdk.javadoc" type="simple" />
            <root url="jrt://$APPLICATION_HOME_DIR$/jbr!/jdk.jcmd" type="simple" />
            <root url="jrt://$APPLICATION_HOME_DIR$/jbr!/jdk.jdeps" type="simple" />
            <root url="jrt://$APPLICATION_HOME_DIR$/jbr!/jdk.jdi" type="simple" />
            <root url="jrt://$APPLICATION_HOME_DIR$/jbr!/jdk.jdwp.agent" type="simple" />
            <root url="jrt://$APPLICATION_HOME_DIR$/jbr!/jdk.jfr" type="simple" />
            <root url="jrt://$APPLICATION_HOME_DIR$/jbr!/jdk.jlink" type="simple" />
            <root url="jrt://$APPLICATION_HOME_DIR$/jbr!/jdk.jsobject" type="simple" />
            <root url="jrt://$APPLICATION_HOME_DIR$/jbr!/jdk.localedata" type="simple" />
            <root url="jrt://$APPLICATION_HOME_DIR$/jbr!/jdk.management" type="simple" />
            <root url="jrt://$APPLICATION_HOME_DIR$/jbr!/jdk.management.agent" type="simple" />
            <root url="jrt://$APPLICATION_HOME_DIR$/jbr!/jdk.management.jfr" type="simple" />
            <root url="jrt://$APPLICATION_HOME_DIR$/jbr!/jdk.naming.dns" type="simple" />
            <root url="jrt://$APPLICATION_HOME_DIR$/jbr!/jdk.naming.rmi" type="simple" />
            <root url="jrt://$APPLICATION_HOME_DIR$/jbr!/jdk.net" type="simple" />
            <root url="jrt://$APPLICATION_HOME_DIR$/jbr!/jdk.sctp" type="simple" />
            <root url="jrt://$APPLICATION_HOME_DIR$/jbr!/jdk.security.auth" type="simple" />
            <root url="jrt://$APPLICATION_HOME_DIR$/jbr!/jdk.security.jgss" type="simple" />
            <root url="jrt://$APPLICATION_HOME_DIR$/jbr!/jdk.unsupported" type="simple" />
            <root url="jrt://$APPLICATION_HOME_DIR$/jbr!/jdk.unsupported.desktop" type="simple" />
            <root url="jrt://$APPLICATION_HOME_DIR$/jbr!/jdk.xml.dom" type="simple" />
            <root url="jrt://$APPLICATION_HOME_DIR$/jbr!/jdk.zipfs" type="simple" />
          </root>
        </classPath>
        <javadocPath>
          <root type="composite" />
        </javadocPath>
        <sourcePath>
          <root type="composite" />
        </sourcePath>
      </roots>
    </jdk>
    <jdk version="2">
      <name value="Android API 35, MainForTree4985 preview Platform" />
      <type value="Android SDK" />
      <homePath value="$USER_HOME$/W/android/main/out/gradle/MockSdk" />
      <roots>
        <annotationsPath>
          <root type="composite">
            <root url="jar://$APPLICATION_HOME_DIR$/plugins/android/resources/androidAnnotations.jar!/" type="simple" />
          </root>
        </annotationsPath>
        <classPath>
          <root type="composite">
            <root url="jar://$USER_HOME$/W/android/main/out/gradle/MockSdk/platforms/android-MainForTree4985/android.jar!/" type="simple" />
            <root url="file://$USER_HOME$/W/android/main/out/gradle/MockSdk/platforms/android-MainForTree4985/data/res" type="simple" />
          </root>
        </classPath>
        <javadocPath>
          <root type="composite">
            <root url="http://developer.android.com/reference/" type="simple" />
          </root>
        </javadocPath>
        <sourcePath>
          <root type="composite">
            <root url="file://$USER_HOME$/W/android/main/frameworks/base/core/java" type="simple" />
          </root>
        </sourcePath>
      </roots>
      <additional sdk="android-MainForTree4985" />
    </jdk>
    <jdk version="2">
      <name value="IntelliJ IDEA Community Edition IC-221.5080.93" />
      <type value="IDEA JDK" />
      <version value="java version &quot;11.0.10&quot;" />
      <homePath value="$APPLICATION_HOME_DIR$" />
      <roots>
        <annotationsPath>
          <root type="composite">
            <root url="jar://$USER_HOME$/$MAVEN_REPOSITORY$/com/jetbrains/intellij/idea/ideaIU/232.9921.47/ideaIU-232.9921.47-annotations.zip!/" type="simple" />
            <root url="jar://$USER_HOME$/.m2/repository/com/jetbrains/intellij/idea/ideaIU/242.23339.11/ideaIU-242.23339.11-annotations.zip!/" type="simple" />
          </root>
        </annotationsPath>
        <classPath>
          <root type="composite">
            <root url="jar://$APPLICATION_HOME_DIR$/lib/dbus-java-3.2.1.jar!/" type="simple" />
            <root url="jar://$APPLICATION_HOME_DIR$/lib/jps-model.jar!/" type="simple" />
            <root url="jar://$APPLICATION_HOME_DIR$/lib/external-system-rt.jar!/" type="simple" />
            <root url="jar://$APPLICATION_HOME_DIR$/lib/jnr-unixsocket-0.23.jar!/" type="simple" />
            <root url="jar://$APPLICATION_HOME_DIR$/lib/jffi-1.2.19-native.jar!/" type="simple" />
            <root url="jar://$APPLICATION_HOME_DIR$/lib/junit4.jar!/" type="simple" />
            <root url="jar://$APPLICATION_HOME_DIR$/lib/jnr-a64asm-1.0.0.jar!/" type="simple" />
            <root url="jar://$APPLICATION_HOME_DIR$/lib/async-profiler.jar!/" type="simple" />
            <root url="jar://$APPLICATION_HOME_DIR$/lib/intellij-coverage-agent-1.0.656.jar!/" type="simple" />
            <root url="jar://$APPLICATION_HOME_DIR$/lib/grpc-netty-shaded.jar!/" type="simple" />
            <root url="jar://$APPLICATION_HOME_DIR$/lib/rd-text.jar!/" type="simple" />
            <root url="jar://$APPLICATION_HOME_DIR$/lib/groovy.jar!/" type="simple" />
            <root url="jar://$APPLICATION_HOME_DIR$/lib/junixsocket-core.jar!/" type="simple" />
            <root url="jar://$APPLICATION_HOME_DIR$/lib/externalProcess-rt.jar!/" type="simple" />
            <root url="jar://$APPLICATION_HOME_DIR$/lib/jna.jar!/" type="simple" />
            <root url="jar://$APPLICATION_HOME_DIR$/lib/duplicates-analysis.jar!/" type="simple" />
            <root url="jar://$APPLICATION_HOME_DIR$/lib/annotations.jar!/" type="simple" />
            <root url="jar://$APPLICATION_HOME_DIR$/lib/rd-swing.jar!/" type="simple" />
            <root url="jar://$APPLICATION_HOME_DIR$/lib/jnr-x86asm-1.0.2.jar!/" type="simple" />
            <root url="jar://$APPLICATION_HOME_DIR$/lib/platform-objectSerializer-annotations.jar!/" type="simple" />
            <root url="jar://$APPLICATION_HOME_DIR$/lib/3rd-party-rt.jar!/" type="simple" />
            <root url="jar://$APPLICATION_HOME_DIR$/lib/protobuf.jar!/" type="simple" />
            <root url="jar://$APPLICATION_HOME_DIR$/lib/platform-statistics-devkit.jar!/" type="simple" />
            <root url="jar://$APPLICATION_HOME_DIR$/lib/util_rt.jar!/" type="simple" />
            <root url="jar://$APPLICATION_HOME_DIR$/lib/tests_bootstrap.jar!/" type="simple" />
            <root url="jar://$APPLICATION_HOME_DIR$/lib/error-prone-annotations.jar!/" type="simple" />
            <root url="jar://$APPLICATION_HOME_DIR$/lib/lz4-java.jar!/" type="simple" />
            <root url="jar://$APPLICATION_HOME_DIR$/lib/byte-buddy-agent.jar!/" type="simple" />
            <root url="jar://$APPLICATION_HOME_DIR$/lib/jnr-posix-3.0.50.jar!/" type="simple" />
            <root url="jar://$APPLICATION_HOME_DIR$/lib/dom-impl.jar!/" type="simple" />
            <root url="jar://$APPLICATION_HOME_DIR$/lib/jsp-base-openapi.jar!/" type="simple" />
            <root url="jar://$APPLICATION_HOME_DIR$/lib/jffi-1.2.19.jar!/" type="simple" />
            <root url="jar://$APPLICATION_HOME_DIR$/lib/java-utils-1.0.6.jar!/" type="simple" />
            <root url="jar://$APPLICATION_HOME_DIR$/lib/testFramework.jar!/" type="simple" />
            <root url="jar://$APPLICATION_HOME_DIR$/lib/dom-openapi.jar!/" type="simple" />
            <root url="jar://$APPLICATION_HOME_DIR$/lib/stats.jar!/" type="simple" />
            <root url="jar://$APPLICATION_HOME_DIR$/lib/asm-7.1.jar!/" type="simple" />
            <root url="jar://$APPLICATION_HOME_DIR$/lib/jnr-enxio-0.21.jar!/" type="simple" />
            <root url="jar://$APPLICATION_HOME_DIR$/lib/structuralsearch.jar!/" type="simple" />
            <root url="jar://$APPLICATION_HOME_DIR$/lib/jsch-agent.jar!/" type="simple" />
            <root url="jar://$APPLICATION_HOME_DIR$/lib/jnr-constants-0.9.12.jar!/" type="simple" />
            <root url="jar://$APPLICATION_HOME_DIR$/lib/app.jar!/" type="simple" />
            <root url="jar://$APPLICATION_HOME_DIR$/lib/rd-core.jar!/" type="simple" />
            <root url="jar://$APPLICATION_HOME_DIR$/lib/forms_rt.jar!/" type="simple" />
            <root url="jar://$APPLICATION_HOME_DIR$/lib/asm-tree-7.1.jar!/" type="simple" />
            <root url="jar://$APPLICATION_HOME_DIR$/lib/winp.jar!/" type="simple" />
            <root url="jar://$APPLICATION_HOME_DIR$/lib/uast-tests.jar!/" type="simple" />
            <root url="jar://$APPLICATION_HOME_DIR$/lib/asm-commons-7.1.jar!/" type="simple" />
            <root url="jar://$APPLICATION_HOME_DIR$/lib/rd-framework.jar!/" type="simple" />
            <root url="jar://$APPLICATION_HOME_DIR$/lib/asm-util-7.1.jar!/" type="simple" />
            <root url="jar://$APPLICATION_HOME_DIR$/lib/pty4j.jar!/" type="simple" />
            <root url="jar://$APPLICATION_HOME_DIR$/lib/idea_rt.jar!/" type="simple" />
            <root url="jar://$APPLICATION_HOME_DIR$/lib/jnr-ffi-2.1.10.jar!/" type="simple" />
            <root url="jar://$APPLICATION_HOME_DIR$/lib/intellij-test-discovery.jar!/" type="simple" />
            <root url="jar://$APPLICATION_HOME_DIR$/lib/asm-analysis-7.1.jar!/" type="simple" />
            <root url="jar://$APPLICATION_HOME_DIR$/lib/util.jar!/" type="simple" />
            <root url="jar://$APPLICATION_HOME_DIR$/plugins/java/lib/sa-jdwp.jar!/" type="simple" />
            <root url="jar://$APPLICATION_HOME_DIR$/plugins/java/lib/jps-launcher.jar!/" type="simple" />
            <root url="jar://$APPLICATION_HOME_DIR$/plugins/java/lib/jgoodies-common.jar!/" type="simple" />
            <root url="jar://$APPLICATION_HOME_DIR$/plugins/java/lib/debugger-memory-agent.jar!/" type="simple" />
            <root url="jar://$APPLICATION_HOME_DIR$/plugins/java/lib/jshell-protocol.jar!/" type="simple" />
            <root url="jar://$APPLICATION_HOME_DIR$/plugins/java/lib/jps-builders.jar!/" type="simple" />
            <root url="jar://$APPLICATION_HOME_DIR$/plugins/java/lib/jshell-frontend.jar!/" type="simple" />
            <root url="jar://$APPLICATION_HOME_DIR$/plugins/java/lib/jb-jdi.jar!/" type="simple" />
            <root url="jar://$APPLICATION_HOME_DIR$/plugins/java/lib/aether-dependency-resolver.jar!/" type="simple" />
            <root url="jar://$APPLICATION_HOME_DIR$/plugins/java/lib/jps-javac-extension.jar!/" type="simple" />
            <root url="jar://$APPLICATION_HOME_DIR$/plugins/java/lib/jps-builders-6.jar!/" type="simple" />
            <root url="jar://$APPLICATION_HOME_DIR$/plugins/java/lib/javac2.jar!/" type="simple" />
            <root url="jar://$APPLICATION_HOME_DIR$/plugins/java/lib/java-impl.jar!/" type="simple" />
            <root url="jrt:///usr/lib/jvm/java-1.11.0-openjdk-amd64!/java.base" type="simple" />
            <root url="jrt:///usr/lib/jvm/java-1.11.0-openjdk-amd64!/java.compiler" type="simple" />
            <root url="jrt:///usr/lib/jvm/java-1.11.0-openjdk-amd64!/java.datatransfer" type="simple" />
            <root url="jrt:///usr/lib/jvm/java-1.11.0-openjdk-amd64!/java.desktop" type="simple" />
            <root url="jrt:///usr/lib/jvm/java-1.11.0-openjdk-amd64!/java.instrument" type="simple" />
            <root url="jrt:///usr/lib/jvm/java-1.11.0-openjdk-amd64!/java.logging" type="simple" />
            <root url="jrt:///usr/lib/jvm/java-1.11.0-openjdk-amd64!/java.management" type="simple" />
            <root url="jrt:///usr/lib/jvm/java-1.11.0-openjdk-amd64!/java.management.rmi" type="simple" />
            <root url="jrt:///usr/lib/jvm/java-1.11.0-openjdk-amd64!/java.naming" type="simple" />
            <root url="jrt:///usr/lib/jvm/java-1.11.0-openjdk-amd64!/java.net.http" type="simple" />
            <root url="jrt:///usr/lib/jvm/java-1.11.0-openjdk-amd64!/java.prefs" type="simple" />
            <root url="jrt:///usr/lib/jvm/java-1.11.0-openjdk-amd64!/java.rmi" type="simple" />
            <root url="jrt:///usr/lib/jvm/java-1.11.0-openjdk-amd64!/java.scripting" type="simple" />
            <root url="jrt:///usr/lib/jvm/java-1.11.0-openjdk-amd64!/java.se" type="simple" />
            <root url="jrt:///usr/lib/jvm/java-1.11.0-openjdk-amd64!/java.security.jgss" type="simple" />
            <root url="jrt:///usr/lib/jvm/java-1.11.0-openjdk-amd64!/java.security.sasl" type="simple" />
            <root url="jrt:///usr/lib/jvm/java-1.11.0-openjdk-amd64!/java.smartcardio" type="simple" />
            <root url="jrt:///usr/lib/jvm/java-1.11.0-openjdk-amd64!/java.sql" type="simple" />
            <root url="jrt:///usr/lib/jvm/java-1.11.0-openjdk-amd64!/java.sql.rowset" type="simple" />
            <root url="jrt:///usr/lib/jvm/java-1.11.0-openjdk-amd64!/java.transaction.xa" type="simple" />
            <root url="jrt:///usr/lib/jvm/java-1.11.0-openjdk-amd64!/java.xml" type="simple" />
            <root url="jrt:///usr/lib/jvm/java-1.11.0-openjdk-amd64!/java.xml.crypto" type="simple" />
            <root url="jrt:///usr/lib/jvm/java-1.11.0-openjdk-amd64!/jdk.accessibility" type="simple" />
            <root url="jrt:///usr/lib/jvm/java-1.11.0-openjdk-amd64!/jdk.aot" type="simple" />
            <root url="jrt:///usr/lib/jvm/java-1.11.0-openjdk-amd64!/jdk.attach" type="simple" />
            <root url="jrt:///usr/lib/jvm/java-1.11.0-openjdk-amd64!/jdk.charsets" type="simple" />
            <root url="jrt:///usr/lib/jvm/java-1.11.0-openjdk-amd64!/jdk.compiler" type="simple" />
            <root url="jrt:///usr/lib/jvm/java-1.11.0-openjdk-amd64!/jdk.crypto.cryptoki" type="simple" />
            <root url="jrt:///usr/lib/jvm/java-1.11.0-openjdk-amd64!/jdk.crypto.ec" type="simple" />
            <root url="jrt:///usr/lib/jvm/java-1.11.0-openjdk-amd64!/jdk.dynalink" type="simple" />
            <root url="jrt:///usr/lib/jvm/java-1.11.0-openjdk-amd64!/jdk.editpad" type="simple" />
            <root url="jrt:///usr/lib/jvm/java-1.11.0-openjdk-amd64!/jdk.hotspot.agent" type="simple" />
            <root url="jrt:///usr/lib/jvm/java-1.11.0-openjdk-amd64!/jdk.httpserver" type="simple" />
            <root url="jrt:///usr/lib/jvm/java-1.11.0-openjdk-amd64!/jdk.internal.ed" type="simple" />
            <root url="jrt:///usr/lib/jvm/java-1.11.0-openjdk-amd64!/jdk.internal.jvmstat" type="simple" />
            <root url="jrt:///usr/lib/jvm/java-1.11.0-openjdk-amd64!/jdk.internal.le" type="simple" />
            <root url="jrt:///usr/lib/jvm/java-1.11.0-openjdk-amd64!/jdk.internal.opt" type="simple" />
            <root url="jrt:///usr/lib/jvm/java-1.11.0-openjdk-amd64!/jdk.internal.vm.ci" type="simple" />
            <root url="jrt:///usr/lib/jvm/java-1.11.0-openjdk-amd64!/jdk.internal.vm.compiler" type="simple" />
            <root url="jrt:///usr/lib/jvm/java-1.11.0-openjdk-amd64!/jdk.internal.vm.compiler.management" type="simple" />
            <root url="jrt:///usr/lib/jvm/java-1.11.0-openjdk-amd64!/jdk.jartool" type="simple" />
            <root url="jrt:///usr/lib/jvm/java-1.11.0-openjdk-amd64!/jdk.javadoc" type="simple" />
            <root url="jrt:///usr/lib/jvm/java-1.11.0-openjdk-amd64!/jdk.jcmd" type="simple" />
            <root url="jrt:///usr/lib/jvm/java-1.11.0-openjdk-amd64!/jdk.jconsole" type="simple" />
            <root url="jrt:///usr/lib/jvm/java-1.11.0-openjdk-amd64!/jdk.jdeps" type="simple" />
            <root url="jrt:///usr/lib/jvm/java-1.11.0-openjdk-amd64!/jdk.jdi" type="simple" />
            <root url="jrt:///usr/lib/jvm/java-1.11.0-openjdk-amd64!/jdk.jdwp.agent" type="simple" />
            <root url="jrt:///usr/lib/jvm/java-1.11.0-openjdk-amd64!/jdk.jfr" type="simple" />
            <root url="jrt:///usr/lib/jvm/java-1.11.0-openjdk-amd64!/jdk.jlink" type="simple" />
            <root url="jrt:///usr/lib/jvm/java-1.11.0-openjdk-amd64!/jdk.jshell" type="simple" />
            <root url="jrt:///usr/lib/jvm/java-1.11.0-openjdk-amd64!/jdk.jsobject" type="simple" />
            <root url="jrt:///usr/lib/jvm/java-1.11.0-openjdk-amd64!/jdk.jstatd" type="simple" />
            <root url="jrt:///usr/lib/jvm/java-1.11.0-openjdk-amd64!/jdk.localedata" type="simple" />
            <root url="jrt:///usr/lib/jvm/java-1.11.0-openjdk-amd64!/jdk.management" type="simple" />
            <root url="jrt:///usr/lib/jvm/java-1.11.0-openjdk-amd64!/jdk.management.agent" type="simple" />
            <root url="jrt:///usr/lib/jvm/java-1.11.0-openjdk-amd64!/jdk.management.jfr" type="simple" />
            <root url="jrt:///usr/lib/jvm/java-1.11.0-openjdk-amd64!/jdk.naming.dns" type="simple" />
            <root url="jrt:///usr/lib/jvm/java-1.11.0-openjdk-amd64!/jdk.naming.ldap" type="simple" />
            <root url="jrt:///usr/lib/jvm/java-1.11.0-openjdk-amd64!/jdk.naming.rmi" type="simple" />
            <root url="jrt:///usr/lib/jvm/java-1.11.0-openjdk-amd64!/jdk.net" type="simple" />
            <root url="jrt:///usr/lib/jvm/java-1.11.0-openjdk-amd64!/jdk.pack" type="simple" />
            <root url="jrt:///usr/lib/jvm/java-1.11.0-openjdk-amd64!/jdk.rmic" type="simple" />
            <root url="jrt:///usr/lib/jvm/java-1.11.0-openjdk-amd64!/jdk.scripting.nashorn" type="simple" />
            <root url="jrt:///usr/lib/jvm/java-1.11.0-openjdk-amd64!/jdk.scripting.nashorn.shell" type="simple" />
            <root url="jrt:///usr/lib/jvm/java-1.11.0-openjdk-amd64!/jdk.sctp" type="simple" />
            <root url="jrt:///usr/lib/jvm/java-1.11.0-openjdk-amd64!/jdk.security.auth" type="simple" />
            <root url="jrt:///usr/lib/jvm/java-1.11.0-openjdk-amd64!/jdk.security.jgss" type="simple" />
            <root url="jrt:///usr/lib/jvm/java-1.11.0-openjdk-amd64!/jdk.unsupported" type="simple" />
            <root url="jrt:///usr/lib/jvm/java-1.11.0-openjdk-amd64!/jdk.unsupported.desktop" type="simple" />
            <root url="jrt:///usr/lib/jvm/java-1.11.0-openjdk-amd64!/jdk.xml.dom" type="simple" />
            <root url="jrt:///usr/lib/jvm/java-1.11.0-openjdk-amd64!/jdk.zipfs" type="simple" />
          </root>
        </classPath>
        <javadocPath>
          <root type="composite">
            <root url="https://docs.oracle.com/en/java/javase/11/docs/api/" type="simple" />
          </root>
        </javadocPath>
        <sourcePath>
          <root type="composite" />
        </sourcePath>
      </roots>
      <additional>
        <option name="mySandboxHome" value="$USER_HOME$/.cache/JetBrains/IdeaIC2022.1/plugins-sandbox" />
      </additional>
    </jdk>
    <jdk version="2">
      <name value="Kotlin SDK" />
      <type value="KotlinSDK" />
      <version value="1.3.40" />
      <homePath value="$KOTLIN_BUNDLED$" />
      <roots>
        <annotationsPath>
          <root type="composite" />
        </annotationsPath>
        <classPath>
          <root type="composite" />
        </classPath>
        <javadocPath>
          <root type="composite" />
        </javadocPath>
        <sourcePath>
          <root type="composite" />
        </sourcePath>
      </roots>
    </jdk>
    <jdk version="2">
      <name value="jbr-21" />
      <type value="JavaSDK" />
      <version value="JetBrains Runtime 21.0.3" />
      <homePath value="$APPLICATION_HOME_DIR$/jbr" />
      <roots>
        <annotationsPath>
          <root type="composite">
            <root url="jar://$APPLICATION_HOME_DIR$/plugins/java/lib/resources/jdkAnnotations.jar!/" type="simple" />
          </root>
        </annotationsPath>
        <classPath>
          <root type="composite">
            <root url="jrt://$APPLICATION_HOME_DIR$/jbr!/java.base" type="simple" />
            <root url="jrt://$APPLICATION_HOME_DIR$/jbr!/java.compiler" type="simple" />
            <root url="jrt://$APPLICATION_HOME_DIR$/jbr!/java.datatransfer" type="simple" />
            <root url="jrt://$APPLICATION_HOME_DIR$/jbr!/java.desktop" type="simple" />
            <root url="jrt://$APPLICATION_HOME_DIR$/jbr!/java.instrument" type="simple" />
            <root url="jrt://$APPLICATION_HOME_DIR$/jbr!/java.logging" type="simple" />
            <root url="jrt://$APPLICATION_HOME_DIR$/jbr!/java.management" type="simple" />
            <root url="jrt://$APPLICATION_HOME_DIR$/jbr!/java.management.rmi" type="simple" />
            <root url="jrt://$APPLICATION_HOME_DIR$/jbr!/java.naming" type="simple" />
            <root url="jrt://$APPLICATION_HOME_DIR$/jbr!/java.net.http" type="simple" />
            <root url="jrt://$APPLICATION_HOME_DIR$/jbr!/java.prefs" type="simple" />
            <root url="jrt://$APPLICATION_HOME_DIR$/jbr!/java.rmi" type="simple" />
            <root url="jrt://$APPLICATION_HOME_DIR$/jbr!/java.scripting" type="simple" />
            <root url="jrt://$APPLICATION_HOME_DIR$/jbr!/java.se" type="simple" />
            <root url="jrt://$APPLICATION_HOME_DIR$/jbr!/java.security.jgss" type="simple" />
            <root url="jrt://$APPLICATION_HOME_DIR$/jbr!/java.security.sasl" type="simple" />
            <root url="jrt://$APPLICATION_HOME_DIR$/jbr!/java.smartcardio" type="simple" />
            <root url="jrt://$APPLICATION_HOME_DIR$/jbr!/java.sql" type="simple" />
            <root url="jrt://$APPLICATION_HOME_DIR$/jbr!/java.sql.rowset" type="simple" />
            <root url="jrt://$APPLICATION_HOME_DIR$/jbr!/java.transaction.xa" type="simple" />
            <root url="jrt://$APPLICATION_HOME_DIR$/jbr!/java.xml" type="simple" />
            <root url="jrt://$APPLICATION_HOME_DIR$/jbr!/java.xml.crypto" type="simple" />
            <root url="jrt://$APPLICATION_HOME_DIR$/jbr!/jdk.accessibility" type="simple" />
            <root url="jrt://$APPLICATION_HOME_DIR$/jbr!/jdk.attach" type="simple" />
            <root url="jrt://$APPLICATION_HOME_DIR$/jbr!/jdk.charsets" type="simple" />
            <root url="jrt://$APPLICATION_HOME_DIR$/jbr!/jdk.compiler" type="simple" />
            <root url="jrt://$APPLICATION_HOME_DIR$/jbr!/jdk.crypto.cryptoki" type="simple" />
            <root url="jrt://$APPLICATION_HOME_DIR$/jbr!/jdk.crypto.ec" type="simple" />
            <root url="jrt://$APPLICATION_HOME_DIR$/jbr!/jdk.dynalink" type="simple" />
            <root url="jrt://$APPLICATION_HOME_DIR$/jbr!/jdk.hotspot.agent" type="simple" />
            <root url="jrt://$APPLICATION_HOME_DIR$/jbr!/jdk.httpserver" type="simple" />
            <root url="jrt://$APPLICATION_HOME_DIR$/jbr!/jdk.internal.ed" type="simple" />
            <root url="jrt://$APPLICATION_HOME_DIR$/jbr!/jdk.internal.jvmstat" type="simple" />
            <root url="jrt://$APPLICATION_HOME_DIR$/jbr!/jdk.internal.le" type="simple" />
            <root url="jrt://$APPLICATION_HOME_DIR$/jbr!/jdk.internal.opt" type="simple" />
            <root url="jrt://$APPLICATION_HOME_DIR$/jbr!/jdk.internal.vm.ci" type="simple" />
            <root url="jrt://$APPLICATION_HOME_DIR$/jbr!/jdk.jartool" type="simple" />
            <root url="jrt://$APPLICATION_HOME_DIR$/jbr!/jdk.javadoc" type="simple" />
            <root url="jrt://$APPLICATION_HOME_DIR$/jbr!/jdk.jcmd" type="simple" />
            <root url="jrt://$APPLICATION_HOME_DIR$/jbr!/jdk.jdeps" type="simple" />
            <root url="jrt://$APPLICATION_HOME_DIR$/jbr!/jdk.jdi" type="simple" />
            <root url="jrt://$APPLICATION_HOME_DIR$/jbr!/jdk.jdwp.agent" type="simple" />
            <root url="jrt://$APPLICATION_HOME_DIR$/jbr!/jdk.jfr" type="simple" />
            <root url="jrt://$APPLICATION_HOME_DIR$/jbr!/jdk.jlink" type="simple" />
            <root url="jrt://$APPLICATION_HOME_DIR$/jbr!/jdk.jsobject" type="simple" />
            <root url="jrt://$APPLICATION_HOME_DIR$/jbr!/jdk.localedata" type="simple" />
            <root url="jrt://$APPLICATION_HOME_DIR$/jbr!/jdk.management" type="simple" />
            <root url="jrt://$APPLICATION_HOME_DIR$/jbr!/jdk.management.agent" type="simple" />
            <root url="jrt://$APPLICATION_HOME_DIR$/jbr!/jdk.management.jfr" type="simple" />
            <root url="jrt://$APPLICATION_HOME_DIR$/jbr!/jdk.naming.dns" type="simple" />
            <root url="jrt://$APPLICATION_HOME_DIR$/jbr!/jdk.naming.rmi" type="simple" />
            <root url="jrt://$APPLICATION_HOME_DIR$/jbr!/jdk.net" type="simple" />
            <root url="jrt://$APPLICATION_HOME_DIR$/jbr!/jdk.sctp" type="simple" />
            <root url="jrt://$APPLICATION_HOME_DIR$/jbr!/jdk.security.auth" type="simple" />
            <root url="jrt://$APPLICATION_HOME_DIR$/jbr!/jdk.security.jgss" type="simple" />
            <root url="jrt://$APPLICATION_HOME_DIR$/jbr!/jdk.unsupported" type="simple" />
            <root url="jrt://$APPLICATION_HOME_DIR$/jbr!/jdk.unsupported.desktop" type="simple" />
            <root url="jrt://$APPLICATION_HOME_DIR$/jbr!/jdk.xml.dom" type="simple" />
            <root url="jrt://$APPLICATION_HOME_DIR$/jbr!/jdk.zipfs" type="simple" />
          </root>
        </classPath>
        <javadocPath>
          <root type="composite" />
        </javadocPath>
        <sourcePath>
          <root type="composite" />
        </sourcePath>
      </roots>
    </jdk>
  </component>
</application>