<application>
  <component name="BuildProcessSatisfactionSurveyStore">
    <option name="daysWithGradleBuilds" value="2" />
    <option name="firstKotlinGradleBuildTime" value="1725610950" />
    <option name="lastKotlinGradleBuildTime" value="1726475702" />
    <option name="nextCountedGradleBuild" value="1726562102" />
  </component>
  <component name="KotlinNewUserTracker">
    <option name="firstKtFileOpened" value="1724860089" />
    <option name="lastKtFileOpened" value="1727365533" />
    <option name="newKtUserSince" value="1724860089" />
  </component>
</application>