<application>
  <component name="Trusted.Paths">
    <option name="TRUSTED_PROJECT_PATHS">
      <map>
        <entry key="$USER_HOME$/AsfpProjects/VirtualCamera" value="true" />
        <entry key="$USER_HOME$/AsfpProjects/main" value="true" />
        <entry key="$USER_HOME$/AsfpProjects/main2" value="true" />
        <entry key="$USER_HOME$/W/android" value="true" />
        <entry key="$USER_HOME$/W/android/dummy" value="true" />
        <entry key="$USER_HOME$/W/android/main/cts/tests/camera" value="true" />
        <entry key="$USER_HOME$/W/android/main/development/samples/VirtualDeviceManager" value="true" />
        <entry key="$USER_HOME$/W/android/main/development/samples/VirtualDeviceManager/camerastandalone" value="true" />
        <entry key="$USER_HOME$/W/filament/android" value="true" />
        <entry key="$USER_HOME$/W/filament/android/samples/sample-hello-camera" value="true" />
      </map>
    </option>
  </component>
</application>