<application>
  <component name="DimensionService">
    <location key="find.popup.0.0.3832.2006" x="1667" y="115" />
    <location key="find.popup.0.0.2318.2014@120dpi" x="833" y="115" />
    <location key="find.popup.0.0.1908.1992@120dpi" x="651" y="114" />
    <location key="find.popup.0.0.3832.1994@120dpi" x="1615" y="115" />
    <location key="find.popup.0.0.2332.1992@120dpi" x="983" y="115" />
    <location key="find.popup.0.0.3832.2016@120dpi" x="1615" y="119" />
    <location key="find.popup.0.0.3832.2128@120dpi" x="1615" y="123" />
    <location key="find.popup.0.0.3832.1994" x="1279" y="657" />
    <location key="find.popup.0.55.3832.1994" x="1279" y="724" />
    <location key="find.popup.0.0.3832.2060" x="1279" y="679" />
    <location key="find.popup.0.0.3832.2038" x="1279" y="672" />
    <size key="GridCell.Tab.0.left.0.0.2660.2076@144dpi" width="2560" height="629" />
    <size key="GridCell.Tab.0.center.0.0.2660.2076@144dpi" width="2560" height="629" />
    <size key="GridCell.Tab.0.right.0.0.2660.2076@144dpi" width="2560" height="629" />
    <size key="GridCell.Tab.0.bottom.0.0.2660.2076@144dpi" width="2560" height="629" />
    <size key="GridCell.Tab.1.left.0.0.2660.2076@144dpi" width="2560" height="629" />
    <size key="GridCell.Tab.1.center.0.0.2660.2076@144dpi" width="2560" height="629" />
    <size key="GridCell.Tab.1.right.0.0.2660.2076@144dpi" width="2560" height="629" />
    <size key="GridCell.Tab.1.bottom.0.0.2660.2076@144dpi" width="2560" height="629" />
    <size key="find.popup.0.0.3832.2006" width="983" height="738" />
    <size key="GridCell.Tab.0.left.0.0.3832.2006" width="2560" height="629" />
    <size key="GridCell.Tab.0.center.0.0.3832.2006" width="2560" height="629" />
    <size key="GridCell.Tab.0.right.0.0.3832.2006" width="2560" height="629" />
    <size key="GridCell.Tab.0.bottom.0.0.3832.2006" width="2560" height="629" />
    <size key="GridCell.Tab.1.left.0.0.3832.2006" width="2560" height="629" />
    <size key="GridCell.Tab.1.center.0.0.3832.2006" width="2560" height="629" />
    <size key="GridCell.Tab.1.right.0.0.3832.2006" width="2560" height="629" />
    <size key="GridCell.Tab.1.bottom.0.0.3832.2006" width="2560" height="629" />
    <size key="find.popup.0.0.2318.2014@120dpi" width="1000" height="996" />
    <size key="find.popup.0.0.1908.1992@120dpi" width="1257" height="985" />
    <size key="find.popup.0.0.3832.1994@120dpi" width="924" height="987" />
    <size key="find.popup.0.0.2332.1992@120dpi" width="766" height="986" />
    <size key="find.popup.0.0.3832.2016@120dpi" width="1259" height="1018" />
    <size key="GridCell.Tab.0.left.0.0.3832.2104@120dpi" width="3750" height="278" />
    <size key="GridCell.Tab.0.center.0.0.3832.2104@120dpi" width="3750" height="278" />
    <size key="GridCell.Tab.0.right.0.0.3832.2104@120dpi" width="3750" height="278" />
    <size key="GridCell.Tab.0.bottom.0.0.3832.2104@120dpi" width="3750" height="278" />
    <size key="find.popup.0.0.3832.2128@120dpi" width="1259" height="1055" />
    <size key="find.popup.0.0.3832.1994" width="951" height="792" />
    <size key="GridCell.Tab.0.left.0.0.3832.1994" width="3766" height="269" />
    <size key="GridCell.Tab.0.center.0.0.3832.1994" width="3766" height="269" />
    <size key="GridCell.Tab.0.right.0.0.3832.1994" width="3766" height="269" />
    <size key="GridCell.Tab.0.bottom.0.0.3832.1994" width="3766" height="269" />
    <size key="GridCell.Tab.1.left.0.0.3832.1994" width="3766" height="269" />
    <size key="GridCell.Tab.1.center.0.0.3832.1994" width="3766" height="269" />
    <size key="GridCell.Tab.1.right.0.0.3832.1994" width="3766" height="269" />
    <size key="GridCell.Tab.1.bottom.0.0.3832.1994" width="3766" height="269" />
    <size key="find.popup.0.55.3832.1994" width="951" height="807" />
    <size key="GridCell.Tab.0.left.0.0.3832.1972" width="3764" height="269" />
    <size key="GridCell.Tab.0.center.0.0.3832.1972" width="3764" height="269" />
    <size key="GridCell.Tab.0.right.0.0.3832.1972" width="3764" height="269" />
    <size key="GridCell.Tab.0.bottom.0.0.3832.1972" width="3764" height="269" />
    <size key="GridCell.Tab.1.left.0.0.3832.1972" width="3764" height="269" />
    <size key="GridCell.Tab.1.center.0.0.3832.1972" width="3764" height="269" />
    <size key="GridCell.Tab.1.right.0.0.3832.1972" width="3764" height="269" />
    <size key="GridCell.Tab.1.bottom.0.0.3832.1972" width="3764" height="269" />
    <size key="find.popup.0.0.3832.2060" width="963" height="819" />
    <size key="GridCell.Tab.0.left.0.0.3832.2060" width="3766" height="279" />
    <size key="GridCell.Tab.0.center.0.0.3832.2060" width="3766" height="279" />
    <size key="GridCell.Tab.0.right.0.0.3832.2060" width="3766" height="279" />
    <size key="GridCell.Tab.0.bottom.0.0.3832.2060" width="3766" height="279" />
    <size key="find.popup.0.0.3832.2038" width="1118" height="812" />
  </component>
  <component name="WindowManager">
    <frame x="0" y="0" width="3832" height="1957" extendedState="6" />
  </component>
  <component name="WindowStateApplicationService">
    <state width="977" height="165" key="ShowUsagesActions.dimensionServiceKey" timestamp="1727700878014">
      <screen x="0" y="0" width="3832" height="2001" />
    </state>
    <state width="1052" height="180" key="ShowUsagesActions.dimensionServiceKey.ideScale=125" timestamp="1724684907736">
      <screen x="0" y="0" width="2318" height="1977" />
    </state>
    <state width="1052" height="180" key="ShowUsagesActions.dimensionServiceKey.ideScale=125/0.0.2318.1977" timestamp="1724684907736" />
    <state width="1263" height="320" key="ShowUsagesActions.dimensionServiceKey.ideScale=125/0.0.2784.1977" timestamp="1724422347025" />
    <state width="977" height="165" key="ShowUsagesActions.dimensionServiceKey/0.0.3832.2001" timestamp="1727700878014" />
  </component>
</application>