<toolSet name="External Tools">
  <tool name="Code Search" showInMainMenu="false" showInEditor="false" showInProject="false" showInSearchPopup="false" disabled="false" useConsole="false" showConsoleOnStdOut="false" showConsoleOnStdErr="false" synchronizeAfterRun="false">
    <exec>
      <option name="COMMAND" value="$USER_HOME$/bin/csa" />
      <option name="PARAMETERS" value="$SelectedText$" />
      <option name="WORKING_DIRECTORY" value="$USER_HOME$/bin" />
    </exec>
  </tool>
  <tool name="adebug wmtests" showInMainMenu="false" showInEditor="false" showInProject="false" showInSearchPopup="false" disabled="false" useConsole="true" showConsoleOnStdOut="false" showConsoleOnStdErr="false" synchronizeAfterRun="true">
    <exec>
      <option name="COMMAND" value="$USER_HOME$/W/dotfiles/android/adebug " />
      <option name="PARAMETERS" value="$Prompt$" />
      <option name="WORKING_DIRECTORY" value="$USER_HOME$/W/dotfiles/android" />
    </exec>
  </tool>
</toolSet>